Action,ProductSKU,ProductName,QuantityToProduce,BufferPercent,ProductionInstructionUrl,IgnoreCumulativeLeadTime,ProductionLeadTime,Version,VersionName,VersionDefault,MinQuantity,MaxQuantity,DeviationPercent,RunSize,OperationSequence,OperationType,OperationName,CycleTime,UnitPerCycle,WorkCentreCode,WorkCentreName,PreviousStep,ItemType,ComponentSKU_ResourceCode,ComponentName_ResourceName,Quantity,WastageQuantity_ForStockComponentOnly,WastagePercent_ForStockComponentOnly,CostAllocationType,SalesValue,CostOfWastage,DeliveryTo_LocationName,DeliveryTo_BinName,CoManPriceTier,Tracing,IssueMethodComponent,IssueMethodParameter,OperationIsBackflush,ComponentIsBackflush,ResourceCostType
Create/Update,TEST-CCCH-WC-FILL,Test Creamy Coconut Corn Chowder WIP FILL,7882,0,,No,0,1,,Yes,,,0,,1,Manufacturing,KETTLE CCCH,120,3804.5,TestWorkcenter,Test Work Center For Production,,Component,HDCCSS00001,"Corn, Yellow, Super Sweet, IQF",394.6,0,0,,,,,,,No,Manual,0,No,No,
Create/Update,TEST-CCCH-WC-FILL,Test Creamy Coconut Corn Chowder WIP FILL,7882,0,,No,0,1,,Yes,,,0,,1,Manufacturing,KETTLE CCCH,120,3804.5,TestWorkcenter,Test Work Center For Production,,Component,HDCCMP00001,Coconut Milk Powder,245.8,0,0,,,,,,,No,Manual,0,No,No,
Create/Update,TEST-CCCH-WC-FILL,Test Creamy Coconut Corn Chowder WIP FILL,7882,0,,No,0,1,,Yes,,,0,,1,Manufacturing,KETTLE CCCH,120,3804.5,TestWorkcenter,Test Work Center For Production,,Component,HDCOCA00001,"Onions, cooked, aseptic",221.1,0,0,,,,,,,No,Manual,0,No,No,
Create/Update,TEST-CCCH-WC-FILL,Test Creamy Coconut Corn Chowder WIP FILL,7882,0,,No,0,1,,Yes,,,0,,1,Manufacturing,KETTLE CCCH,120,3804.5,TestWorkcenter,Test Work Center For Production,,Component,HDCRCAU00001,"Cauliflower, IQF, Roasted, florets, fines",187.2,0,0,,,,,,,No,Manual,0,No,No,
Create/Update,TEST-CCCH-WC-FILL,Test Creamy Coconut Corn Chowder WIP FILL,7882,0,,No,0,1,,Yes,,,0,,1,Manufacturing,KETTLE CCCH,120,3804.5,TestWorkcenter,Test Work Center For Production,,Component,HDCOCA00002,"Onions, caramelized, aseptic",111.1,0,0,,,,,,,No,Manual,0,No,No,
Create/Update,TEST-CCCH-WC-FILL,Test Creamy Coconut Corn Chowder WIP FILL,7882,0,,No,0,1,,Yes,,,0,,1,Manufacturing,KETTLE CCCH,120,3804.5,TestWorkcenter,Test Work Center For Production,,Component,HDCMSY00001,Maple Syrup,51.4,0,0,,,,,,,No,Manual,0,No,No,
Create/Update,TEST-CCCH-WC-FILL,Test Creamy Coconut Corn Chowder WIP FILL,7882,0,,No,0,1,,Yes,,,0,,1,Manufacturing,KETTLE CCCH,120,3804.5,TestWorkcenter,Test Work Center For Production,,Component,HDCRBO00001,Rice Bran Oil,42.2,0,0,,,,,,,No,Manual,0,No,No,
Create/Update,TEST-CCCH-WC-FILL,Test Creamy Coconut Corn Chowder WIP FILL,7882,0,,No,0,1,,Yes,,,0,,1,Manufacturing,KETTLE CCCH,120,3804.5,TestWorkcenter,Test Work Center For Production,,Component,HDCCRM00001,Cornmeal,39.6,0,0,,,,,,,No,Manual,0,No,No,
Create/Update,TEST-CCCH-WC-FILL,Test Creamy Coconut Corn Chowder WIP FILL,7882,0,,No,0,1,,Yes,,,0,,1,Manufacturing,KETTLE CCCH,120,3804.5,TestWorkcenter,Test Work Center For Production,,Component,HDCSSL00001,Sea Salt,39.2,0,0,,,,,,,No,Manual,0,No,No,
Create/Update,TEST-CCCH-WC-FILL,Test Creamy Coconut Corn Chowder WIP FILL,7882,0,,No,0,1,,Yes,,,0,,1,Manufacturing,KETTLE CCCH,120,3804.5,TestWorkcenter,Test Work Center For Production,,Component,HDCVBP00001,Vegetable Broth Paste New Horizons,23.2,0,0,,,,,,,No,Manual,0,No,No,
Create/Update,TEST-CCCH-WC-FILL,Test Creamy Coconut Corn Chowder WIP FILL,7882,0,,No,0,1,,Yes,,,0,,1,Manufacturing,KETTLE CCCH,120,3804.5,TestWorkcenter,Test Work Center For Production,,Component,HDCLMJ00001,Lime Juice Concentrate,21.7,0,0,,,,,,,No,Manual,0,No,No,
Create/Update,TEST-CCCH-WC-FILL,Test Creamy Coconut Corn Chowder WIP FILL,7882,0,,No,0,1,,Yes,,,0,,1,Manufacturing,KETTLE CCCH,120,3804.5,TestWorkcenter,Test Work Center For Production,,Component,HDCSTC00001,Tumeric Powder,16.4,0,0,,,,,,,No,Manual,0,No,No,
Create/Update,TEST-CCCH-WC-FILL,Test Creamy Coconut Corn Chowder WIP FILL,7882,0,,No,0,1,,Yes,,,0,,1,Manufacturing,KETTLE CCCH,120,3804.5,TestWorkcenter,Test Work Center For Production,,Component,HDCGAS00001,Garlic Aseptic,12.9,0,0,,,,,,,No,Manual,0,No,No,
Create/Update,TEST-CCCH-WC-FILL,Test Creamy Coconut Corn Chowder WIP FILL,7882,0,,No,0,1,,Yes,,,0,,1,Manufacturing,KETTLE CCCH,120,3804.5,TestWorkcenter,Test Work Center For Production,,Component,HDCRSSS00001,Reduced Sodium Sea Salt,4.2,0,0,,,,,,,No,Manual,0,No,No,
Create/Update,TEST-CCCH-WC-FILL,Test Creamy Coconut Corn Chowder WIP FILL,7882,0,,No,0,1,,Yes,,,0,,1,Manufacturing,KETTLE CCCH,120,3804.5,TestWorkcenter,Test Work Center For Production,,Component,HDCPAPR00001,Paprika,2.7,0,0,,,,,,,No,Manual,0,No,No,
Create/Update,TEST-CCCH-WC-FILL,Test Creamy Coconut Corn Chowder WIP FILL,7882,0,,No,0,1,,Yes,,,0,,1,Manufacturing,KETTLE CCCH,120,3804.5,TestWorkcenter,Test Work Center For Production,,Output,TEST-CCCH-KETTLE-WIP,Creamy Coconut Corn Chowder Kettle WIP,3804.5,N/A,N/A,,,Tier 1,,,,No,Manual,0,No,No,
Create/Update,TEST-CCCH-WC-FILL,Test Creamy Coconut Corn Chowder WIP FILL,7882,0,,No,0,1,,Yes,,,0,,2,Manufacturing,FILL CCCH,120,7882,TestWorkcenter,Test Work Center For Production,KETTLE CCCH,Component,TEST-CCCH-KETTLE-WIP,Creamy Coconut Corn Chowder Kettle WIP,3805.4,0,0,,,,,,,No,Manual,0,No,No,
Create/Update,TEST-CCCH-WC-FILL,Test Creamy Coconut Corn Chowder WIP FILL,7882,0,,No,0,1,,Yes,,,0,,2,Manufacturing,FILL CCCH,120,7882,TestWorkcenter,Test Work Center For Production,KETTLE CCCH,Component,HDCPYD00001,"Potatoes, Yukon Gold, Peeled, 3/8'' diced, IQF",1791.5,0,0,,,,,,,No,Manual,0,No,No,
Create/Update,TEST-CCCH-WC-FILL,Test Creamy Coconut Corn Chowder WIP FILL,7882,0,,No,0,1,,Yes,,,0,,2,Manufacturing,FILL CCCH,120,7882,TestWorkcenter,Test Work Center For Production,KETTLE CCCH,Component,HDCCSS00001,"Corn, Yellow, Super Sweet, IQF",1791.5,0,0,,,,,,,No,Manual,0,No,No,
Create/Update,TEST-CCCH-WC-FILL,Test Creamy Coconut Corn Chowder WIP FILL,7882,0,,No,0,1,,Yes,,,0,,2,Manufacturing,FILL CCCH,120,7882,TestWorkcenter,Test Work Center For Production,KETTLE CCCH,FinishedProduct,TEST-CCCH-WC-FILL,Test Creamy Coconut Corn Chowder WIP FILL,7882,N/A,N/A,SalesValue,Tier 1,Tier 1,,,,No,Manual,0,No,No,
